PrimaryID	nEnd
YKL106W	Y
YCR088W	A
YNR016C	D
YBL015W	T
YDR511W	A
YLR304C	G
YKL192C	S
YAL054C	S
YLR153C	T
YFL039C	K
YDR448W	S
YLR028C	G
YGR204W	A
YMR303C	S
YMR009W	V
YCR010C	T
YLR109W	S
YHL021C	Y
YIL087C	S
YAL049C	A
YJL131C	R
YJR080C	I
YJR100C	T
YKR074W	S
YNR018W	M
YPR004C	A
YBR262C	S
YDR063W	S
YER080W	I
YMR092C	S
YDR264C	V
YOR335C	T
YOR374W	H
YBR151W	A
YKL157W	C
YJR005W	S
YPL195W	T
YPL259C	A
YLR170C	T
YDR441C	S
YKL013C	S
YBR234C	S
YCR048W	T
YJL088W	S
YHR018C	S
YDR380W	A
YGL148W	S
YDR035W	M
YBR249C	G
YGL202W	T
YHR137W	T
YDL029W	M
YJR065C	G
YMR033W	A
YMR116C	A
YPR145W	C
YBL078C	M
YNR002C	T
YBL099W	A
YJL180C	S
YLR295C	N
YPL271W	S
YDR377W	V
YNR020C	K
YBR039W	A
YDR298C	A
Q0085	S
YKL016C	S
YAL020C	S
YIL124W	S
YHR208W	L
YHR040W	A
YDR361C	V
YNL039W	S
YPR176C	S
YOR198C	S
YJL058C	T
YER177W	S
YDR099W	S
YNL166C	G
YAR014C	S
YLR319C	A
YML111W	T
YKL088W	S
YFL028C	V
YER048C	V
YKL007W	S
YIL034C	S
YPL178W	S
YLR175W	S
YKR066C	A
YIL142W	S
YDL143W	S
YDR188W	S
YJR076C	S
YHR107C	S
YAL038W	S
YOR074C	T
YBR160W	S
YLR314C	S
YDL126C	G
YPL160W	S
YJR057W	G
YDL164C	S
YPL228W	S
YCL064C	S
YGL206C	S
YGR157W	S
YNR001C	Y
YCR005C	T
YPR001W	S
YGL019W	S
YGR167W	S
YBR109C	S
YJL062W-A	V
YOL008W	F
YNR041C	T
YGL119W	T
YBL045C	S
YPL132W	S
YLR038C	A
YML129C	S
YER141W	K
YJL003W	S
YLL009C	T
YLL018C-A	S
YGL187C	I
YNL052W	A
YIL111W	V
YHR051W	S
YMR256C	A
YLR395C	V
YDL067C	M
YDR155C	S
YML078W	G
YDR304C	K
YLR216C	T
YJL172W	S
YDR256C	S
YMR078C	V
YDR163W	T
YKL096W	D
YML054C	Y
YJR048W	T
YEL039C	A
YDR430C	A
YJL005W	S
YDR016C	A
YML070W	S
YGR113W	S
YNL112W	T
YOR173W	G
YMR173W	G
YOR245C	S
YOR311C	G
YPR082C	A
YOL021C	S
YDL178W	Y
YLL001W	G
YKL213C	G
YPR183W	S
YLL018C	S
YGL196W	S
YHL030W	S
YBR176W	F
YKR076W	S
YAL003W	A
YDR385W	V
YHR193C	S
YBR177C	S
YMR031C	S
YGL200C	H
YFL048C	H
YLR083C	F
YGR145W	V
YPL028W	S
YML008C	S
YAR002C-A	F
YDL018C	S
YMR323W	S
YGR029W	T
YML012W	L
YGR284C	S
YMR219W	S
YDR365C	A
YNR054C	S
YOR051C	A
YBR102C	V
YOR317W	V
YER015W	A
YIL009W	S
YMR246W	T
YER183C	A
YKL060C	G
YKR016W	L
YOR388C	S
YBR269C	I
YNL168C	S
YGR243W	S
YKR049C	S
YMR113W	A
YNL135C	S
YDR519W	G
YOR271C	A
YPL262W	D
YAL008W	D
YHR128W	S
YLR088W	A
YOR178C	V
YOL051W	S
YER025W	G
YGL195W	T
YFR009W	A
YKR026C	S
YGR252W	V
YDL226C	S
YMR189W	K
YAL044C	S
YER083C	S
YHR108W	S
YER054C	M
YNL255C	S
YMR311C	G
YCL040W	S
YPR035W	A
YML004C	S
YPL091W	S
YDL171C	C
YKR030W	S
YFL017C	S
YNL274C	H
YHL031C	S
YDL022W	S
YOL059W	D
YKL152C	P
YKR067W	S
YPL223C	S
YBR121C	S
YCL035C	G
YLR293C	S
YIR038C	S
YIL155C	D
YPL249C	S
YPR008W	V
YCL026C-B	S
YNL281W	V
YNL021W	K
YBL032W	V
YDR047W	G
YGL040C	S
YDL205C	M
YMR110C	S
YBR009C	D
YJR055W	V
YLR113W	T
YDR158W	A
YPL116W	S
YPR193C	S
YDR399W	S
YMR186W	T
YHL002W	S
YOR020C	S
YFL014W	D
YBR072W	I
YDR533C	A
YLR259C	S
YBL003C	S
YBL002W	S
YOL012C	S
YGR268C	S
YNL037C	T
YOR136W	L
YDL066W	F
YLR174W	T
YNL009W	S
YFR017C	T
YHR187W	A
YMR108W	S
YLR355C	G
YCL009C	S
YDL181W	S
YIR036C	G
YFR038W	T
YPR067W	S
YPL135W	Y
YDL115C	S
YJL073W	S
YKL217W	S
YDR475C	V
YJL034W	G
YLL019C	S
YDR037W	S
YKL008C	S
YHL003C	T
YNL239W	V
YOR181W	G
YJL134W	V
YGL009C	V
YNL104C	V
YDL051W	S
YJR070C	S
YLR239C	K
YFL018C	T
YFR024C-A	G
YGR244C	L
YHR121W	S
YJR022W	S
YPL004C	A
YJL030W	S
YKL021C	S
YDR060W	S
YBR297W	T
YLR244C	S
YLR163C	L
YOR298C-A	S
YNL307C	S
YKL150W	A
YKL085W	Y
YOL126C	V
YGR100W	S
YDL005C	V
YOR174W	S
YLR069C	Q
YER091C	V
YOR211C	I
YJR144W	S
YNL117W	Q
YDR245W	S
YPL050C	S
YDR033W	G
YPR118W	S
YPL184C	T
YDL045W-A	S
YPR166C	G
YDR405W	L
YPL118W	T
YKL142W	S
YDR116C	A
YNL284C	V
YLR312W-A	V
YOR150W	S
YDR462W	K
YMR286W	V
YPL173W	S
YPR100W	V
YGR220C	S
YNR036C	A
YDR337W	S
YMR158W	S
YBR146W	I
YML128C	N
YLR219W	V
YPL104W	A
YOL090W	S
YBR195C	A
YPL097W	S
YDL044C	L
YHR168W	S
YGR257C	S
YPL070W	A
YNR043W	T
YMR004W	A
YOR326W	S
YML117W	S
YHR086W	S
YKR048C	L
YMR145C	E
YPL226W	F
YDL002C	S
YDL208W	G
YBR089C-A	A
YLR328W	D
YNL123W	T
YDL148C	A
YPL146C	A
YDL213C	G
YDR432W	S
YGR043C	A
YPL233W	S
YDR001C	S
YLR335W	S
YNL099C	T
YPL134C	T
YBR025C	P
YIL136W	K
YKR087C	Y
YGR038W	T
YKR003W	G
YJR051W	M
YJL002C	A
YPL196W	A
YDR538W	T
YOL115W	G
YCR077C	S
YNL015W	D
YBR233W	T
YKR097W	S
YBR221C	G
YPL058C	S
YGR058W	A
YKR046C	S
YBL030C	G
YOL147C	V
YLR191W	S
YNL214W	T
YGR004W	S
YGR240C	M
YMR205C	S
YOR122C	S
YPL206C	V
YCR012W	S
YKL127W	S
YMR105C	S
YDR481C	T
YPL031C	L
YDR313C	V
YHR034C	A
YGR086C	A
YPR154W	S
YMR123W	A
YGL008C	A
YPL036W	S
YGL167C	S
YAL023C	S
YGR199W	S
YOR145C	V
YLR209C	S
YBR022W	S
YML069W	S
YNL102W	S
YLL023C	S
YNL055C	S
YPL188W	S
YIL160C	S
YGL205W	N
YOR362C	T
YPR103W	T
YBL041W	G
YOR323C	S
YKL012W	S
YER099C	S
YBL064C	S
YDL055C	M
YMR308C	S
YLR019W	G
YDL006W	S
YDL230W	A
YKR093W	K
YOR157C	A
YPL212C	S
YOR348C	V
YHR001W-A	A
YPR191W	S
YJL166W	G
YDL103C	T
YGL246C	G
YOR048C	G
YAL036C	S
YOR265W	A
YOL010W	S
YDL135C	A
YOR285W	S
YOR286W	F
YJL217W	V
YDR028C	S
R0040C	M
YFR051C	V
YOR217W	V
YBL020W	A
YOR127W	A
YDR379W	S
YPR165W	S
YIL118W	S
YBL033C	T
YOL143C	A
YCR028C-A	D
YEL024W	I
YHR197W	S
YOR095C	A
YBR030W	S
YNL002C	S
YGL107C	K
YMR235C	A
YJL026W	A
YGR180C	M
YBR229C	F
YPR010C	S
YIL021W	S
YOR224C	S
YHR143W-A	N
YPR110C	S
YNL330C	V
YHR088W	A
YBR079C	A
YGR085C	A
YDR418W	E
YDL082W	A
YHL001W	S
YLR029C	G
YIL133C	S
YNL069C	S
YJL177W	A
YNL301C	K
YBL027W	A
YGL135W	S
YMR242C	A
YBL087C	T
YGL031C	M
YGR148C	M
YGR034W	A
YDR471W	A
YFR031C-A	Q
YOR063W	V
YGL030W	A
YDL075W	A
YBL092W	A
YPL143W	G
YER056C-A	S
YDL136W	A
YPL249C-A	A
YLR185W	S
YLR325C	A
YIL148W	I
YHR141C	V
YJR094W-A	T
YBR031W	S
YPL131W	A
YML073C	S
YLR448W	T
YGL076C	A
YPL198W	S
YHL033C	A
YLR421C	S
YIL075C	S
YDL097C	S
YOR261C	S
YDL140C	V
YGR214W	L
YBR048W	S
YOR369C	T
YDR064W	G
YJL191W	A
YOL040C	S
YDL083C	S
YDR447C	A
YDR450W	S
YNL302C	A
YLR441C	V
YHL015W	S
YJL136C	D
YJL190C	T
YER074W	S
YGR027C	H
YGL189C	S
YHR021C	V
YOR167C	M
YLR264W	M
YDL061C	A
YNL178W	V
YJR123W	V
YBR181C	M
YOR096W	A
YNL096C	S
YBL072C	G
YBR189W	L
YDL216C	S
YHR069C	S
YDR280W	A
YOR001W	T
YLR221C	S
YCR072C	S
YDR175C	L
YIL093C	M
YDR233C	S
YDR190C	V
YCR009C	S
YDR388W	S
YER043C	S
YPL273W	A
YMR263W	A
YAL027W	A
YKL117W	S
YHL034C	S
YDR180W	S
YGL011C	S
YOR367W	S
YKL148C	V
YLL041C	M
YKL141W	A
YDR178W	L
YIL084C	A
YLR208W	V
YBL050W	S
YGL137W	M
YFL045C	S
YPL094C	S
YIL074C	S
YDR023W	M
YLR321C	S
YBL102W	S
YJR134C	S
YOR007C	S
YER118C	S
YDL225W	S
YNL007C	V
YKR072C	T
YOR076C	S
YDR328C	V
YBL007C	T
YDR189W	A
YER029C	S
YOL034W	T
YGR074W	M
YLR275W	S
YOL122C	V
YBR172C	S
YAL030W	S
YOR327C	S
YDR011W	S
YJL036W	T
YJR104C	V
YHR008C	G
YCR073W-A	T
YHR163W	V
YLL021W	G
YJR010C-A	S
YMR117C	S
YER018C	A
YEL031W	T
YGR236C	M
YER148W	N
YHR041C	G
YBR253W	S
YKL122C	S
YPR088C	V
YPL243W	V
YAL005C	S
YDL229W	F
YNL209W	R
YJR045C	E
YPL106C	S
YDR086C	A
YDR169C	S
YLR389C	T
YDL130W-A	S
YGR008C	T
YLR150W	S
YNL244C	S
YDR310C	D
YGR002C	S
YLR182W	A
YMR149W	Y
YCR030C	T
YCR060W	S
YNL087W	K
YBR044C	V
YDR212W	S
YMR291W	T
YJL052W	I
YJR009C	D
YBR083W	S
YBR118W	G
YKL081W	S
YML064C	A
YOR110W	V
YGR024C	A
YLR237W	S
YOR143C	S
YER063W	A
YJL138C	S
YPR163C	N
YDR429C	S
YGR162W	S
YBR091C	S
YDL217C	V
YJL054W	S
YPR074C	T
YBR117C	A
YLR327C	G
YKL056C	N
YJR014W	N
YDR107C	F
YER175C	S
YKL058W	A
YGR082W	S
YNL131W	V
YPR133W-A	M
YNL070W	S
YHR117W	A
YDR050C	A
YPL203W	G
YBR126C	T
YHR099W	S
YOL093W	S
YHR070W	S
YDL201W	M
YDR353W	M
YOR115C	S
YCR083W	Q
YML028W	V
YER093C	S
YOR187W	Y
YGL050W	A
YDL064W	S
YNL186W	T
YER144C	G
YFR010W	S
YOR075W	S
YBR006W	T
YKL035W	S
YGR072W	S
YKL099C	A
YIL091C	I
YEL005C	V
YCL063W	A
YDL185W	A
YHR039C-A	S
YPR036W	G
YBR127C	V
YEL051W	S
YOR270C	A
YJR102C	S
YJL154C	A
YKR020W	A
YER072W	S
YGL173C	G
YML007W	S
YPL239W	G
YER024W	S
YBL036C	S
YBR016W	S
YBR062C	S
YBR137W	V
YGR203W	M
YCR016W	S
YCR087C-A	V
YNL064C	V
YDL012C	S
YDL086W	M
YDL124W	S
YDL157C	S
YDR061W	S
YDR161W	S
YDR230W	V
YDR266C	S
YDR341C	M
YER010C	S
YFR006W	G
YGL101W	T
YNL160W	S
YGR001C	A
YGR026W	A
YGR111W	T
YGR201C	S
YGR235C	T
YGR250C	S
YGR234W	R
YHR112C	V
YHR202W	A
YNL263C	S
YMR152W	S
YNL044W	M
YIR024C	V
YIR035C	G
YJL068C	M
YJL132W	A
YJL133C-A	A
YJR008W	S
YJR142W	M
YKL023C-A	S
YKL065W-A	V
YLR149C	T
YLR257W	D
YLR446W	T
YPR058W	S
YMR244C-A	G
YMR295C	F
YFR049W	A
YMR315W	S
YKL067W	T
YNL050C	S
YNL108C	A
YNL134C	D
YNL208W	S
YNR029C	N
YNR034W-A	M
YPR028W	S
YOR020W-A	G
YOR052C	S
YOR283W	T
YPL041C	I
YPL066W	T
YPL088W	V
YPL108W	V
YPL113C	I
YPR010C-A	S
YPR127W	S
YPR174C	G
YFL038C	S
YDR381W	S
YDR002W	D
YBR111C	S
YBR162W-A	N
YOR272W	T
YIR026C	A
YOL109W	S
